winner_hand,winner_ht,winner_age
L,184.96140250310498,25.786542248898062
